{
  "urls": [
    {
      "link": "https://shoptimizerdemo.commercegurus.com/",
      "name": "criticalcss/home"
    },
    {
      "link": "https://shoptimizerdemo.commercegurus.com/shop/",
      "name": "criticalcss/shop-archive"
    },
    {
      "link": "https://shoptimizerdemo.commercegurus.com/product/blouse-with-a-wide-neckline/",
      "name": "criticalcss/single-product"
    },
    {
      "link": "https://shoptimizerdemo.commercegurus.com/blog/",
      "name": "criticalcss/blog-archive"
    },
    {
      "link": "https://shoptimizerdemo.commercegurus.com/2018/05/14/10-designer-buys-that-are-worth-the-investment/",
      "name": "criticalcss/single-post"
    }
  ]
}